Model,Device,Time (s),Batch Size
LSTM (batch=32),CPU,0.5333940982818604,32
LSTM (batch=32),MPS,0.5904049873352051,32
LSTM (batch=64),CPU,0.39600205421447754,64
LSTM (batch=64),MPS,0.6418602466583252,64
Transformer (batch=32),CPU,1.1698529720306396,32
Transformer (batch=32),MPS,1.6353039741516113,32
Transformer (batch=64),CPU,1.031799077987671,64
Transformer (batch=64),MPS,0.897428035736084,64
